-- ============================================================================
-- Dovetails Services LLC — Historical Job Backfill
-- ============================================================================
-- Loads real invoiced jobs and open estimates (from Google Drive documents)
-- into a dedicated "Dovetails Services LLC" account, separate from the
-- 002_seed_dev.sql Demo Account test fixtures.
--
-- Idempotent: every row uses a deterministic UUID + ON CONFLICT (id) DO NOTHING,
-- so re-running this file never creates duplicates.
--
-- Apply with:  psql "$DATABASE_URL" -v ON_ERROR_STOP=1 -f db/seeds/dovetails_historical_backfill.sql
-- (or via scripts/db-seed-dovetails.sh)
--
-- Estimate outcomes default to 'sent' for jobs not yet confirmed won/lost —
-- update these in the app once outcomes are known. Invoiced jobs reflect
-- as-billed totals and deposit/payment status from the source documents.
-- ============================================================================

BEGIN;

-- ----------------------------------------------------------------------------
-- 1. Account + owner user
-- ----------------------------------------------------------------------------
INSERT INTO accounts (id, name)
VALUES ('d0000000-0000-0000-0000-000000000001', 'Dovetails Services LLC')
ON CONFLICT (id) DO NOTHING;

-- Owner user. The password hash comes from the psql variable :owner_pw.
-- DEFAULT: a non-bcrypt sentinel that NO password can ever match, so the
-- account is login-DISABLED. Callers supply a real hash via
--   -v owner_pw='<bcrypt>'  to make the account loginable.
-- NOTE: the app has no self-service password-reset flow, so a login-disabled
-- owner is inaccessible until recovered. Always seed production with a real
-- password — use scripts/db-seed-dovetails.sh --prod with OWNER_PASSWORD set,
-- which hashes it for you. This keeps a guessable dev password out of prod
-- while still giving the production owner a working initial login.
\if :{?owner_pw}
\else
  \set owner_pw '!login-disabled-set-password-via-app'
\endif

INSERT INTO users (id, account_id, email, full_name, password_hash, role)
VALUES (
  'd0000000-0000-0000-0000-0000000000a1',
  'd0000000-0000-0000-0000-000000000001',
  'nick@mydovetails.com', 'Nick Garon',
  :'owner_pw', 'owner'
)
ON CONFLICT (id) DO NOTHING;

-- ----------------------------------------------------------------------------
-- 2. Clients (deterministic UUIDs d1......)
-- ----------------------------------------------------------------------------
INSERT INTO clients (id, account_id, name, address_line1, city, state, zip, notes) VALUES
  ('d1000000-0000-0000-0000-000000000001','d0000000-0000-0000-0000-000000000001','John T. McKinney Rev. Trust (Tim & Amy)','10 Kittridge Rd','Mount Vernon','NH',NULL,'Estate / pre-sale paint + repair. Warm referral.'),
  ('d1000000-0000-0000-0000-000000000002','d0000000-0000-0000-0000-000000000001','Hovey Rd Homeowner','11 Hovey Rd','Londonderry','NH',NULL,'Shelving + baseboard install.'),
  ('d1000000-0000-0000-0000-000000000003','d0000000-0000-0000-0000-000000000001','Diane Sizemore','49 Irving','Weare','NH',NULL,'10-section interior paint + fixtures + exterior repairs.'),
  ('d1000000-0000-0000-0000-000000000004','d0000000-0000-0000-0000-000000000001','Hollis St Homeowner','100 Hollis St','Manchester','NH',NULL,'Window casings, sills, wall + seam repair.'),
  ('d1000000-0000-0000-0000-000000000005','d0000000-0000-0000-0000-000000000001','Melody La Quan','52 Ramsey','Manchester','NH',NULL,'Door replacement — 4 doors, full frame rebuild.'),
  ('d1000000-0000-0000-0000-000000000006','d0000000-0000-0000-0000-000000000001','Elizabeth Comstock-Edwards','13 Buckthorn St','Londonderry','NH','03053','Multi-visit handyman + ceiling patch.'),
  ('d1000000-0000-0000-0000-000000000007','d0000000-0000-0000-0000-000000000001','Jon & Stacy Colman','35 Old Country Village','Londonderry','NH',NULL,'Multi-phase interior paint (Phase 1 estimate + Phase 2 invoice).'),
  ('d1000000-0000-0000-0000-000000000008','d0000000-0000-0000-0000-000000000001','Mary Taft','41 Golden Gate','Hooksett','NH',NULL,'Pre-sale readiness, 8 rooms. Realtor-driven.'),
  ('d1000000-0000-0000-0000-000000000009','d0000000-0000-0000-0000-000000000001','Michael or Michelle Jefferson','6 Mill Road','Kingston','NH',NULL,'Pre-sale interior restoration + 2 baths; later ceiling repair.'),
  ('d1000000-0000-0000-0000-000000000010','d0000000-0000-0000-0000-000000000001','Aaron','85 W Mitchell St','Manchester','NH',NULL,'Mixed: 2 ceiling fans, paint, glass panel.'),
  ('d1000000-0000-0000-0000-000000000011','d0000000-0000-0000-0000-000000000001','Elliot Laski','15 Masefield Rd','Nashua','NH','03062','Two jobs: April interior/exterior repairs; May home-inspection repairs.'),
  ('d1000000-0000-0000-0000-000000000012','d0000000-0000-0000-0000-000000000001','Kim Tufts Wells','187 Webhannet','Wells','ME',NULL,'Custom loft + carpentry, 60 labor hours.'),
  ('d1000000-0000-0000-0000-000000000013','d0000000-0000-0000-0000-000000000001','Cranberry St Homeowner','21 Cranberry Street','Pepperell','MA','01463','Largest estimate: 9 rooms + basement + garage + exterior.'),
  ('d1000000-0000-0000-0000-000000000014','d0000000-0000-0000-0000-000000000001','Juan & Bridget','44 County Rd','Amherst','NH','03031','11-room whole-house interior paint (walls only).'),
  ('d1000000-0000-0000-0000-000000000015','d0000000-0000-0000-0000-000000000001','Holly Barros','44B Cameo Ct',NULL,NULL,NULL,'Painting estimate.'),
  ('d1000000-0000-0000-0000-000000000016','d0000000-0000-0000-0000-000000000001','Jonna Allard','87 Smith Rd','Bedford','NH','03110','Interior painting estimate. boxtop72@gmail.com / 603-560-6843'),
  ('d1000000-0000-0000-0000-000000000017','d0000000-0000-0000-0000-000000000001','Art','133 Hackett Hill Road','Hooksett','NH',NULL,'3 basement window replacements (client-supplied units).'),
  ('d1000000-0000-0000-0000-000000000018','d0000000-0000-0000-0000-000000000001','Norman Boyd','47 Rosedale Ave','Manchester','NH',NULL,'Pre-sale bathroom refinish, labor only, ~52 hrs.'),
  ('d1000000-0000-0000-0000-000000000019','d0000000-0000-0000-0000-000000000001','Ignacio','7 Westminster Rd','Auburn','NH',NULL,'Interior/exterior repairs, 13 fixtures, 3 faucets.'),
  ('d1000000-0000-0000-0000-000000000020','d0000000-0000-0000-0000-000000000001','Gail Anderson','20 Random Rd','Bedford','NH',NULL,'Two estimates: hallway/stairwell + living room.'),
  ('d1000000-0000-0000-0000-000000000021','d0000000-0000-0000-0000-000000000001','Veronique "Ronnie" Gilbert','146 Manning St','Manchester','NH','03103','465 sf basement LVP + skim coat.')
ON CONFLICT (id) DO NOTHING;

-- Emails where known
UPDATE clients SET email = 'boxtop72@gmail.com', phone = '603-560-6843'
  WHERE id = 'd1000000-0000-0000-0000-000000000016';

-- ----------------------------------------------------------------------------
-- 3. Properties (deterministic UUIDs d2......) — one per client/address
-- ----------------------------------------------------------------------------
INSERT INTO properties (id, account_id, client_id, address, city, state, zip) VALUES
  ('d2000000-0000-0000-0000-000000000001','d0000000-0000-0000-0000-000000000001','d1000000-0000-0000-0000-000000000001','10 Kittridge Rd','Mount Vernon','NH',NULL),
  ('d2000000-0000-0000-0000-000000000002','d0000000-0000-0000-0000-000000000001','d1000000-0000-0000-0000-000000000002','11 Hovey Rd','Londonderry','NH',NULL),
  ('d2000000-0000-0000-0000-000000000003','d0000000-0000-0000-0000-000000000001','d1000000-0000-0000-0000-000000000003','49 Irving','Weare','NH',NULL),
  ('d2000000-0000-0000-0000-000000000004','d0000000-0000-0000-0000-000000000001','d1000000-0000-0000-0000-000000000004','100 Hollis St','Manchester','NH',NULL),
  ('d2000000-0000-0000-0000-000000000005','d0000000-0000-0000-0000-000000000001','d1000000-0000-0000-0000-000000000005','52 Ramsey','Manchester','NH',NULL),
  ('d2000000-0000-0000-0000-000000000006','d0000000-0000-0000-0000-000000000001','d1000000-0000-0000-0000-000000000006','13 Buckthorn St','Londonderry','NH','03053'),
  ('d2000000-0000-0000-0000-000000000007','d0000000-0000-0000-0000-000000000001','d1000000-0000-0000-0000-000000000007','35 Old Country Village','Londonderry','NH',NULL),
  ('d2000000-0000-0000-0000-000000000008','d0000000-0000-0000-0000-000000000001','d1000000-0000-0000-0000-000000000008','41 Golden Gate','Hooksett','NH',NULL),
  ('d2000000-0000-0000-0000-000000000009','d0000000-0000-0000-0000-000000000001','d1000000-0000-0000-0000-000000000009','6 Mill Road','Kingston','NH',NULL),
  ('d2000000-0000-0000-0000-000000000010','d0000000-0000-0000-0000-000000000001','d1000000-0000-0000-0000-000000000010','85 W Mitchell St','Manchester','NH',NULL),
  ('d2000000-0000-0000-0000-000000000011','d0000000-0000-0000-0000-000000000001','d1000000-0000-0000-0000-000000000011','15 Masefield Rd','Nashua','NH','03062'),
  ('d2000000-0000-0000-0000-000000000012','d0000000-0000-0000-0000-000000000001','d1000000-0000-0000-0000-000000000012','187 Webhannet','Wells','ME',NULL),
  ('d2000000-0000-0000-0000-000000000013','d0000000-0000-0000-0000-000000000001','d1000000-0000-0000-0000-000000000013','21 Cranberry Street','Pepperell','MA','01463'),
  ('d2000000-0000-0000-0000-000000000014','d0000000-0000-0000-0000-000000000001','d1000000-0000-0000-0000-000000000014','44 County Rd','Amherst','NH','03031'),
  ('d2000000-0000-0000-0000-000000000015','d0000000-0000-0000-0000-000000000001','d1000000-0000-0000-0000-000000000015','44B Cameo Ct',NULL,NULL,NULL),
  ('d2000000-0000-0000-0000-000000000016','d0000000-0000-0000-0000-000000000001','d1000000-0000-0000-0000-000000000016','87 Smith Rd','Bedford','NH','03110'),
  ('d2000000-0000-0000-0000-000000000017','d0000000-0000-0000-0000-000000000001','d1000000-0000-0000-0000-000000000017','133 Hackett Hill Road','Hooksett','NH',NULL),
  ('d2000000-0000-0000-0000-000000000018','d0000000-0000-0000-0000-000000000001','d1000000-0000-0000-0000-000000000018','47 Rosedale Ave','Manchester','NH',NULL),
  ('d2000000-0000-0000-0000-000000000019','d0000000-0000-0000-0000-000000000001','d1000000-0000-0000-0000-000000000019','7 Westminster Rd','Auburn','NH',NULL),
  ('d2000000-0000-0000-0000-000000000020','d0000000-0000-0000-0000-000000000001','d1000000-0000-0000-0000-000000000020','20 Random Rd','Bedford','NH',NULL),
  ('d2000000-0000-0000-0000-000000000021','d0000000-0000-0000-0000-000000000001','d1000000-0000-0000-0000-000000000021','146 Manning St','Manchester','NH','03103')
ON CONFLICT (id) DO NOTHING;

-- ----------------------------------------------------------------------------
-- 4. Jobs (deterministic UUIDs d3......)
--    status 'invoiced' for billed jobs, 'quoted' for estimate-only
-- ----------------------------------------------------------------------------
INSERT INTO jobs (id, account_id, client_id, property_id, title, status, created_by, created_at) VALUES
  -- Invoiced jobs
  ('d3000000-0000-0000-0000-000000000001','d0000000-0000-0000-0000-000000000001','d1000000-0000-0000-0000-000000000001','d2000000-0000-0000-0000-000000000001','Painting & repair — living room, bath, master, kitchen entry','invoiced','d0000000-0000-0000-0000-0000000000a1','2025-06-11'),
  ('d3000000-0000-0000-0000-000000000002','d0000000-0000-0000-0000-000000000001','d1000000-0000-0000-0000-000000000002','d2000000-0000-0000-0000-000000000002','Shelving + baseboard installation','invoiced','d0000000-0000-0000-0000-0000000000a1','2025-06-06'),
  ('d3000000-0000-0000-0000-000000000003','d0000000-0000-0000-0000-000000000001','d1000000-0000-0000-0000-000000000003','d2000000-0000-0000-0000-000000000003','Interior paint + fixtures + exterior repairs (10 sections)','invoiced','d0000000-0000-0000-0000-0000000000a1','2025-06-12'),
  ('d3000000-0000-0000-0000-000000000004','d0000000-0000-0000-0000-000000000001','d1000000-0000-0000-0000-000000000004','d2000000-0000-0000-0000-000000000004','Window casings, sills, wall + seam repair','invoiced','d0000000-0000-0000-0000-0000000000a1','2025-07-02'),
  ('d3000000-0000-0000-0000-000000000005','d0000000-0000-0000-0000-000000000001','d1000000-0000-0000-0000-000000000005','d2000000-0000-0000-0000-000000000005','Door replacement — 4 doors, full frame rebuild','invoiced','d0000000-0000-0000-0000-0000000000a1','2025-09-23'),
  ('d3000000-0000-0000-0000-000000000006','d0000000-0000-0000-0000-000000000001','d1000000-0000-0000-0000-000000000006','d2000000-0000-0000-0000-000000000006','Mirror/art hang, attic cleanout, ceiling patch (3 visits)','invoiced','d0000000-0000-0000-0000-0000000000a1','2026-01-05'),
  ('d3000000-0000-0000-0000-000000000007','d0000000-0000-0000-0000-000000000001','d1000000-0000-0000-0000-000000000007','d2000000-0000-0000-0000-000000000007','Interior painting — Phase 2 (staircase, office, master)','invoiced','d0000000-0000-0000-0000-0000000000a1','2026-01-15'),
  ('d3000000-0000-0000-0000-000000000008','d0000000-0000-0000-0000-000000000001','d1000000-0000-0000-0000-000000000008','d2000000-0000-0000-0000-000000000008','Pre-sale readiness — 8 rooms','invoiced','d0000000-0000-0000-0000-0000000000a1','2026-01-12'),
  ('d3000000-0000-0000-0000-000000000009','d0000000-0000-0000-0000-000000000001','d1000000-0000-0000-0000-000000000009','d2000000-0000-0000-0000-000000000009','Interior restoration + painting + 2 baths','invoiced','d0000000-0000-0000-0000-0000000000a1','2026-02-14'),
  ('d3000000-0000-0000-0000-000000000010','d0000000-0000-0000-0000-000000000001','d1000000-0000-0000-0000-000000000009','d2000000-0000-0000-0000-000000000009','Sunroom ceiling repair','invoiced','d0000000-0000-0000-0000-0000000000a1','2026-03-09'),
  ('d3000000-0000-0000-0000-000000000011','d0000000-0000-0000-0000-000000000001','d1000000-0000-0000-0000-000000000010','d2000000-0000-0000-0000-000000000010','2 ceiling fans + paint + door glass panel','invoiced','d0000000-0000-0000-0000-0000000000a1','2026-04-17'),
  ('d3000000-0000-0000-0000-000000000012','d0000000-0000-0000-0000-000000000001','d1000000-0000-0000-0000-000000000011','d2000000-0000-0000-0000-000000000011','Woodpecker repair, door frame, tile, sheetrock, deck (24 hrs)','invoiced','d0000000-0000-0000-0000-0000000000a1','2026-04-17'),
  ('d3000000-0000-0000-0000-000000000013','d0000000-0000-0000-0000-000000000001','d1000000-0000-0000-0000-000000000012','d2000000-0000-0000-0000-000000000012','Custom loft + slat wall + carpentry (60 hrs)','invoiced','d0000000-0000-0000-0000-0000000000a1','2026-04-11'),
  ('d3000000-0000-0000-0000-000000000014','d0000000-0000-0000-0000-000000000001','d1000000-0000-0000-0000-000000000011','d2000000-0000-0000-0000-000000000011','Home inspection repairs — bulkhead, faucet, window, electrical','invoiced','d0000000-0000-0000-0000-0000000000a1','2026-05-29'),
  -- Estimate-only jobs
  ('d3000000-0000-0000-0000-000000000015','d0000000-0000-0000-0000-000000000001','d1000000-0000-0000-0000-000000000013','d2000000-0000-0000-0000-000000000013','Whole-house interior + exterior (9 rooms)','quoted','d0000000-0000-0000-0000-0000000000a1','2025-07-28'),
  ('d3000000-0000-0000-0000-000000000016','d0000000-0000-0000-0000-000000000001','d1000000-0000-0000-0000-000000000014','d2000000-0000-0000-0000-000000000014','Whole-house interior paint — 11 rooms (walls only)','quoted','d0000000-0000-0000-0000-0000000000a1','2025-08-26'),
  ('d3000000-0000-0000-0000-000000000017','d0000000-0000-0000-0000-000000000001','d1000000-0000-0000-0000-000000000007','d2000000-0000-0000-0000-000000000007','Interior painting — Phase 1 (6 rooms)','quoted','d0000000-0000-0000-0000-0000000000a1','2025-08-20'),
  ('d3000000-0000-0000-0000-000000000018','d0000000-0000-0000-0000-000000000001','d1000000-0000-0000-0000-000000000015','d2000000-0000-0000-0000-000000000015','Interior painting','quoted','d0000000-0000-0000-0000-0000000000a1','2025-09-09'),
  ('d3000000-0000-0000-0000-000000000019','d0000000-0000-0000-0000-000000000001','d1000000-0000-0000-0000-000000000016','d2000000-0000-0000-0000-000000000016','Interior painting','quoted','d0000000-0000-0000-0000-0000000000a1','2025-09-03'),
  ('d3000000-0000-0000-0000-000000000020','d0000000-0000-0000-0000-000000000001','d1000000-0000-0000-0000-000000000017','d2000000-0000-0000-0000-000000000017','3 basement window replacements','quoted','d0000000-0000-0000-0000-0000000000a1','2025-09-29'),
  ('d3000000-0000-0000-0000-000000000021','d0000000-0000-0000-0000-000000000001','d1000000-0000-0000-0000-000000000018','d2000000-0000-0000-0000-000000000018','Pre-sale bathroom refinish (labor only)','quoted','d0000000-0000-0000-0000-0000000000a1','2025-10-21'),
  ('d3000000-0000-0000-0000-000000000022','d0000000-0000-0000-0000-000000000001','d1000000-0000-0000-0000-000000000019','d2000000-0000-0000-0000-000000000019','Interior/exterior repairs, fixtures, faucets','quoted','d0000000-0000-0000-0000-0000000000a1','2026-05-05'),
  ('d3000000-0000-0000-0000-000000000023','d0000000-0000-0000-0000-000000000001','d1000000-0000-0000-0000-000000000020','d2000000-0000-0000-0000-000000000020','Hallway, stairwell, ceiling, wallpaper paint','quoted','d0000000-0000-0000-0000-0000000000a1','2026-05-29'),
  ('d3000000-0000-0000-0000-000000000024','d0000000-0000-0000-0000-000000000001','d1000000-0000-0000-0000-000000000020','d2000000-0000-0000-0000-000000000020','Living room repaint (3 walls, color change)','quoted','d0000000-0000-0000-0000-0000000000a1','2026-05-29'),
  ('d3000000-0000-0000-0000-000000000025','d0000000-0000-0000-0000-000000000001','d1000000-0000-0000-0000-000000000021','d2000000-0000-0000-0000-000000000021','Basement LVP flooring + skim coat (465 sf)','quoted','d0000000-0000-0000-0000-0000000000a1','2026-05-28')
ON CONFLICT (id) DO NOTHING;

-- ----------------------------------------------------------------------------
-- 5. Estimates + line items (deterministic UUIDs d4......)
--    Invoiced jobs that had an approved estimate: status 'approved'.
--    Open estimates: status 'sent' (update outcomes in-app).
-- ----------------------------------------------------------------------------
-- Approved estimate for the McKinney job (became invoice 2025-0611-01)
INSERT INTO estimates (id, account_id, client_id, job_id, property_id, status, subtotal_cents, total_cents, notes, created_by, sent_at, created_at) VALUES
  ('d4000000-0000-0000-0000-000000000001','d0000000-0000-0000-0000-000000000001','d1000000-0000-0000-0000-000000000001','d3000000-0000-0000-0000-000000000001','d2000000-0000-0000-0000-000000000001','approved',130500,130500,'Flat-rate painting/handyman, estate pre-sale.','d0000000-0000-0000-0000-0000000000a1','2025-06-10','2025-06-10'),
  -- Open estimates
  ('d4000000-0000-0000-0000-000000000015','d0000000-0000-0000-0000-000000000001','d1000000-0000-0000-0000-000000000013','d3000000-0000-0000-0000-000000000015','d2000000-0000-0000-0000-000000000013','sent',1607500,1637000,'9 interior rooms + basement + garage + fixtures + exterior. 2025-241-R1.','d0000000-0000-0000-0000-0000000000a1','2025-07-28','2025-07-28'),
  ('d4000000-0000-0000-0000-000000000016','d0000000-0000-0000-0000-000000000001','d1000000-0000-0000-0000-000000000014','d3000000-0000-0000-0000-000000000016','d2000000-0000-0000-0000-000000000014','sent',840700,875700,'11-room walls-only repaint + mobilization. DV-44CR-0826-OPTB.','d0000000-0000-0000-0000-0000000000a1','2025-08-26','2025-08-26'),
  ('d4000000-0000-0000-0000-000000000017','d0000000-0000-0000-0000-000000000001','d1000000-0000-0000-0000-000000000007','d3000000-0000-0000-0000-000000000017','d2000000-0000-0000-0000-000000000007','sent',643900,643900,'6-room interior paint (with ceilings). Phase 1.','d0000000-0000-0000-0000-0000000000a1','2025-08-20','2025-08-20'),
  ('d4000000-0000-0000-0000-000000000020','d0000000-0000-0000-0000-000000000001','d1000000-0000-0000-0000-000000000017','d3000000-0000-0000-0000-000000000020','d2000000-0000-0000-0000-000000000017','sent',127500,127500,'3 basement windows, client-supplied. DV-2025-09-29-ART-001.','d0000000-0000-0000-0000-0000000000a1','2025-09-29','2025-09-29'),
  ('d4000000-0000-0000-0000-000000000021','d0000000-0000-0000-0000-000000000001','d1000000-0000-0000-0000-000000000018','d3000000-0000-0000-0000-000000000021','d2000000-0000-0000-0000-000000000018','sent',440000,440000,'Bathroom refinish, labor only ~52 hrs. EST-2025-10-21-47-ROSEDALE.','d0000000-0000-0000-0000-0000000000a1','2025-10-21','2025-10-21'),
  ('d4000000-0000-0000-0000-000000000022','d0000000-0000-0000-0000-000000000001','d1000000-0000-0000-0000-000000000019','d3000000-0000-0000-0000-000000000022','d2000000-0000-0000-0000-000000000019','sent',540000,540000,'Interior/exterior repairs, 13 fixtures, 3 faucets. DHS.Ignacio.050526.','d0000000-0000-0000-0000-0000000000a1','2026-05-05','2026-05-05'),
  ('d4000000-0000-0000-0000-000000000023','d0000000-0000-0000-0000-000000000001','d1000000-0000-0000-0000-000000000020','d3000000-0000-0000-0000-000000000023','d2000000-0000-0000-0000-000000000020','sent',339500,339500,'Hallway/stairwell/ceiling/wallpaper. DHS-ANDERSON-20260529-EST.','d0000000-0000-0000-0000-0000000000a1','2026-05-29','2026-05-29'),
  ('d4000000-0000-0000-0000-000000000024','d0000000-0000-0000-0000-000000000001','d1000000-0000-0000-0000-000000000020','d3000000-0000-0000-0000-000000000024','d2000000-0000-0000-0000-000000000020','sent',99500,99500,'Living room 3 walls, color change. DHS-ANDERSON-20260529-LR-EST.','d0000000-0000-0000-0000-0000000000a1','2026-05-29','2026-05-29'),
  ('d4000000-0000-0000-0000-000000000025','d0000000-0000-0000-0000-000000000001','d1000000-0000-0000-0000-000000000021','d3000000-0000-0000-0000-000000000025','d2000000-0000-0000-0000-000000000021','sent',699500,699500,'465 sf basement LVP + skim coat. DHS-GILBERT-20260528-EST.','d0000000-0000-0000-0000-0000000000a1','2026-05-28','2026-05-28')
ON CONFLICT (id) DO NOTHING;

-- Summary line item per estimate (totals only; scope captured in notes)
INSERT INTO estimate_line_items (id, estimate_id, description, quantity, unit_price_cents, total_cents, sort_order) VALUES
  ('d4a00000-0000-0000-0000-000000000001','d4000000-0000-0000-0000-000000000001','Painting & repair — living room, bath, master, kitchen entry',1,130500,130500,0),
  ('d4a00000-0000-0000-0000-000000000015','d4000000-0000-0000-0000-000000000015','Whole-house interior + exterior (9 rooms, basement, garage, fixtures)',1,1637000,1637000,0),
  ('d4a00000-0000-0000-0000-000000000016','d4000000-0000-0000-0000-000000000016','11-room walls-only repaint + mobilization',1,875700,875700,0),
  ('d4a00000-0000-0000-0000-000000000017','d4000000-0000-0000-0000-000000000017','6-room interior paint with ceilings (Phase 1)',1,643900,643900,0),
  ('d4a00000-0000-0000-0000-000000000020','d4000000-0000-0000-0000-000000000020','3 basement window replacements (client-supplied)',1,127500,127500,0),
  ('d4a00000-0000-0000-0000-000000000021','d4000000-0000-0000-0000-000000000021','Bathroom refinish labor (~52 hrs)',1,440000,440000,0),
  ('d4a00000-0000-0000-0000-000000000022','d4000000-0000-0000-0000-000000000022','Interior/exterior repairs, 13 fixtures, 3 faucets',1,540000,540000,0),
  ('d4a00000-0000-0000-0000-000000000023','d4000000-0000-0000-0000-000000000023','Hallway/stairwell/ceiling/wallpaper paint',1,339500,339500,0),
  ('d4a00000-0000-0000-0000-000000000024','d4000000-0000-0000-0000-000000000024','Living room repaint (3 walls, color change)',1,99500,99500,0),
  ('d4a00000-0000-0000-0000-000000000025','d4000000-0000-0000-0000-000000000025','Basement LVP flooring + skim coat (465 sf)',1,699500,699500,0)
ON CONFLICT (id) DO NOTHING;

-- ----------------------------------------------------------------------------
-- 6. Invoices + line items + payments (deterministic UUIDs d5......)
-- ----------------------------------------------------------------------------
-- NOTE: All invoices are inserted as 'sent' with paid_cents = 0. The payment
-- inserts at the end of this section drive paid_cents and the final status
-- (partial/paid) via the trg_payment_sync_invoice trigger. Setting a terminal
-- status here would make the invoice immutable and block the payment sync.
INSERT INTO invoices (id, account_id, client_id, job_id, estimate_id, property_id, status, invoice_number, subtotal_cents, total_cents, paid_cents, notes, created_by, sent_at, created_at) VALUES
  ('d5000000-0000-0000-0000-000000000001','d0000000-0000-0000-0000-000000000001','d1000000-0000-0000-0000-000000000001','d3000000-0000-0000-0000-000000000001','d4000000-0000-0000-0000-000000000001','d2000000-0000-0000-0000-000000000001','sent','2025-0611-01',130500,130500,0,'Paid in full via Visa.','d0000000-0000-0000-0000-0000000000a1','2025-06-11','2025-06-11'),
  ('d5000000-0000-0000-0000-000000000002','d0000000-0000-0000-0000-000000000001','d1000000-0000-0000-0000-000000000002','d3000000-0000-0000-0000-000000000002',NULL,'d2000000-0000-0000-0000-000000000002','sent','2025-INV-1101',253609,253609,0,'Shelving 24.33 LF @ $45 + baseboard 110 LF @ $7.25. $643.74 deposit.','d0000000-0000-0000-0000-0000000000a1','2025-06-06','2025-06-06'),
  ('d5000000-0000-0000-0000-000000000003','d0000000-0000-0000-0000-000000000001','d1000000-0000-0000-0000-000000000003','d3000000-0000-0000-0000-000000000003',NULL,'d2000000-0000-0000-0000-000000000003','sent','WEARE-0612-04',575435,575435,0,'10-section job. $737.31 materials paid; $5,017.04 final due.','d0000000-0000-0000-0000-0000000000a1','2025-06-12','2025-06-12'),
  ('d5000000-0000-0000-0000-000000000004','d0000000-0000-0000-0000-000000000001','d1000000-0000-0000-0000-000000000004','d3000000-0000-0000-0000-000000000004',NULL,'d2000000-0000-0000-0000-000000000004','sent','DVT-20250702-01',86680,86680,0,'Window casings, sills, wall + seam repair.','d0000000-0000-0000-0000-0000000000a1','2025-07-02','2025-07-02'),
  ('d5000000-0000-0000-0000-000000000005','d0000000-0000-0000-0000-000000000001','d1000000-0000-0000-0000-000000000005','d3000000-0000-0000-0000-000000000005',NULL,'d2000000-0000-0000-0000-000000000005','sent','DVT-2025-09-23-LaQuan',302000,302000,0,'4 doors, full frame rebuild. $369.32 materials itemized.','d0000000-0000-0000-0000-0000000000a1','2025-09-23','2025-09-23'),
  ('d5000000-0000-0000-0000-000000000006','d0000000-0000-0000-0000-000000000001','d1000000-0000-0000-0000-000000000006','d3000000-0000-0000-0000-000000000006',NULL,'d2000000-0000-0000-0000-000000000006','sent','DVT-INV-Edwards-12-11-2025',49500,49500,0,'Multi-visit handyman: $395 labor + $100 materials.','d0000000-0000-0000-0000-0000000000a1','2026-01-05','2026-01-05'),
  ('d5000000-0000-0000-0000-000000000007','d0000000-0000-0000-0000-000000000001','d1000000-0000-0000-0000-000000000007','d3000000-0000-0000-0000-000000000007',NULL,'d2000000-0000-0000-0000-000000000007','sent','DVT-OLDCOUNTRY-PH2',363313,363313,0,'Phase 2: staircase, office, master. $575.70 materials deposit.','d0000000-0000-0000-0000-0000000000a1','2026-01-15','2026-01-15'),
  ('d5000000-0000-0000-0000-000000000008','d0000000-0000-0000-0000-000000000001','d1000000-0000-0000-0000-000000000008','d3000000-0000-0000-0000-000000000008',NULL,'d2000000-0000-0000-0000-000000000008','sent','DVT-2026-01-12-Taft',274500,274500,0,'Pre-sale readiness, 8 rooms. $500 deposit.','d0000000-0000-0000-0000-0000000000a1','2026-01-12','2026-01-12'),
  ('d5000000-0000-0000-0000-000000000009','d0000000-0000-0000-0000-000000000001','d1000000-0000-0000-0000-000000000009','d3000000-0000-0000-0000-000000000009',NULL,'d2000000-0000-0000-0000-000000000009','sent','DVT-02142026-Mill',550000,550000,0,'Interior restoration + 2 baths. $1,485 deposit (30%).','d0000000-0000-0000-0000-0000000000a1','2026-02-14','2026-02-14'),
  ('d5000000-0000-0000-0000-000000000010','d0000000-0000-0000-0000-000000000001','d1000000-0000-0000-0000-000000000009','d3000000-0000-0000-0000-000000000010',NULL,'d2000000-0000-0000-0000-000000000009','sent','6MILL-CEILING-0309',115000,115000,0,'Sunroom ceiling repair (separate job at same property).','d0000000-0000-0000-0000-0000000000a1','2026-03-09','2026-03-09'),
  ('d5000000-0000-0000-0000-000000000011','d0000000-0000-0000-0000-000000000001','d1000000-0000-0000-0000-000000000010','d3000000-0000-0000-0000-000000000011',NULL,'d2000000-0000-0000-0000-000000000010','sent','DHS-2026-0417-AARON-INV',120000,120000,0,'2 fans, paint, glass panel. $300 deposit paid.','d0000000-0000-0000-0000-0000000000a1','2026-04-17','2026-04-17'),
  ('d5000000-0000-0000-0000-000000000012','d0000000-0000-0000-0000-000000000001','d1000000-0000-0000-0000-000000000011','d3000000-0000-0000-0000-000000000012',NULL,'d2000000-0000-0000-0000-000000000011','sent','DHS-0426-EL01',238555,238555,0,'24 hrs labor ($2,040) + materials ($345.55).','d0000000-0000-0000-0000-0000000000a1','2026-04-17','2026-04-17'),
  ('d5000000-0000-0000-0000-000000000013','d0000000-0000-0000-0000-000000000001','d1000000-0000-0000-0000-000000000012','d3000000-0000-0000-0000-000000000013',NULL,'d2000000-0000-0000-0000-000000000012','sent','DHS-KTW-187-INV',675968,675968,0,'60 hrs custom carpentry. $1,659.68 materials. $2,000 deposit.','d0000000-0000-0000-0000-0000000000a1','2026-04-11','2026-04-11'),
  ('d5000000-0000-0000-0000-000000000014','d0000000-0000-0000-0000-000000000001','d1000000-0000-0000-0000-000000000011','d3000000-0000-0000-0000-000000000014',NULL,'d2000000-0000-0000-0000-000000000011','sent','DHS-LASKY-20260529-INV',50000,50000,0,'Home inspection repairs. Paid in full via Venmo.','d0000000-0000-0000-0000-0000000000a1','2026-05-29','2026-05-29')
ON CONFLICT (id) DO NOTHING;

-- Invoice summary line items
INSERT INTO invoice_line_items (id, invoice_id, description, quantity, unit_price_cents, total_cents, sort_order) VALUES
  ('d5a00000-0000-0000-0000-000000000001','d5000000-0000-0000-0000-000000000001','Painting & repair — living room, bath, master, kitchen entry',1,130500,130500,0),
  ('d5a00000-0000-0000-0000-000000000002','d5000000-0000-0000-0000-000000000002','Shelving + baseboard installation',1,253609,253609,0),
  ('d5a00000-0000-0000-0000-000000000003','d5000000-0000-0000-0000-000000000003','Interior paint + fixtures + exterior repairs (10 sections)',1,575435,575435,0),
  ('d5a00000-0000-0000-0000-000000000004','d5000000-0000-0000-0000-000000000004','Window casings, sills, wall + seam repair',1,86680,86680,0),
  ('d5a00000-0000-0000-0000-000000000005','d5000000-0000-0000-0000-000000000005','Door replacement — 4 doors, full frame rebuild + materials',1,302000,302000,0),
  ('d5a00000-0000-0000-0000-000000000006','d5000000-0000-0000-0000-000000000006','Multi-visit handyman: install, repair, cleanup, ceiling patch',1,49500,49500,0),
  ('d5a00000-0000-0000-0000-000000000007','d5000000-0000-0000-0000-000000000007','Interior painting Phase 2 — staircase, office, master',1,363313,363313,0),
  ('d5a00000-0000-0000-0000-000000000008','d5000000-0000-0000-0000-000000000008','Pre-sale readiness — 8 rooms',1,274500,274500,0),
  ('d5a00000-0000-0000-0000-000000000009','d5000000-0000-0000-0000-000000000009','Interior restoration + painting + 2 baths',1,550000,550000,0),
  ('d5a00000-0000-0000-0000-000000000010','d5000000-0000-0000-0000-000000000010','Sunroom ceiling repair',1,115000,115000,0),
  ('d5a00000-0000-0000-0000-000000000011','d5000000-0000-0000-0000-000000000011','2 ceiling fans + paint + door glass panel',1,120000,120000,0),
  ('d5a00000-0000-0000-0000-000000000012','d5000000-0000-0000-0000-000000000012','Interior/exterior repairs — 24 hrs labor + materials',1,238555,238555,0),
  ('d5a00000-0000-0000-0000-000000000013','d5000000-0000-0000-0000-000000000013','Custom loft + carpentry — 60 hrs labor + materials',1,675968,675968,0),
  ('d5a00000-0000-0000-0000-000000000014','d5000000-0000-0000-0000-000000000014','Home inspection repairs — bulkhead, faucet, window, electrical',1,50000,50000,0)
ON CONFLICT (id) DO NOTHING;

-- Payments (deposits + paid-in-full)
INSERT INTO payments (id, account_id, invoice_id, amount_cents, method, received_at, notes, created_by) VALUES
  ('d5b00000-0000-0000-0000-000000000001','d0000000-0000-0000-0000-000000000001','d5000000-0000-0000-0000-000000000001',130500,'card','2025-06-11','Paid in full (Visa).','d0000000-0000-0000-0000-0000000000a1'),
  ('d5b00000-0000-0000-0000-000000000002','d0000000-0000-0000-0000-000000000001','d5000000-0000-0000-0000-000000000002',64374,'check','2025-06-06','Materials deposit.','d0000000-0000-0000-0000-0000000000a1'),
  ('d5b00000-0000-0000-0000-000000000003','d0000000-0000-0000-0000-000000000001','d5000000-0000-0000-0000-000000000003',73731,'check','2025-06-12','Materials paid.','d0000000-0000-0000-0000-0000000000a1'),
  ('d5b00000-0000-0000-0000-000000000007','d0000000-0000-0000-0000-000000000001','d5000000-0000-0000-0000-000000000007',57570,'check','2026-01-15','Phase 2 materials deposit.','d0000000-0000-0000-0000-0000000000a1'),
  ('d5b00000-0000-0000-0000-000000000008','d0000000-0000-0000-0000-000000000001','d5000000-0000-0000-0000-000000000008',50000,'check','2026-01-12','Deposit.','d0000000-0000-0000-0000-0000000000a1'),
  ('d5b00000-0000-0000-0000-000000000009','d0000000-0000-0000-0000-000000000001','d5000000-0000-0000-0000-000000000009',148500,'check','2026-02-14','30% deposit.','d0000000-0000-0000-0000-0000000000a1'),
  ('d5b00000-0000-0000-0000-000000000011','d0000000-0000-0000-0000-000000000001','d5000000-0000-0000-0000-000000000011',30000,'card','2026-04-17','Deposit.','d0000000-0000-0000-0000-0000000000a1'),
  ('d5b00000-0000-0000-0000-000000000013','d0000000-0000-0000-0000-000000000001','d5000000-0000-0000-0000-000000000013',200000,'check','2026-04-11','Deposit.','d0000000-0000-0000-0000-0000000000a1'),
  ('d5b00000-0000-0000-0000-000000000014','d0000000-0000-0000-0000-000000000001','d5000000-0000-0000-0000-000000000014',50000,'venmo','2026-05-29','Paid in full (Venmo).','d0000000-0000-0000-0000-0000000000a1')
ON CONFLICT (id) DO NOTHING;

COMMIT;

-- Summary
DO $$
DECLARE
  c_count int; p_count int; j_count int; e_count int; i_count int; rev bigint;
BEGIN
  SELECT count(*) INTO c_count FROM clients   WHERE account_id = 'd0000000-0000-0000-0000-000000000001';
  SELECT count(*) INTO p_count FROM properties WHERE account_id = 'd0000000-0000-0000-0000-000000000001';
  SELECT count(*) INTO j_count FROM jobs       WHERE account_id = 'd0000000-0000-0000-0000-000000000001';
  SELECT count(*) INTO e_count FROM estimates  WHERE account_id = 'd0000000-0000-0000-0000-000000000001';
  SELECT count(*) INTO i_count FROM invoices   WHERE account_id = 'd0000000-0000-0000-0000-000000000001';
  SELECT COALESCE(sum(total_cents),0) INTO rev FROM invoices WHERE account_id = 'd0000000-0000-0000-0000-000000000001';
  RAISE NOTICE 'Dovetails backfill: % clients, % properties, % jobs, % estimates, % invoices, $% invoiced',
    c_count, p_count, j_count, e_count, i_count, (rev/100.0);
END $$;
